"Id";"Designator";"Footprint";"Quantity";"Designation";"Supplier and ref";
1;"R13,R12";"R_1206_3216Metric";2;"200m";;;
2;"R14";"R_0603_1608Metric";1;"820k";;;
3;"C23,C20,C9,C11,C8,C10";"C_0603_1608Metric";6;"22u";;;
4;"U5";"TPS63020DSJR";1;"TPS63020DSJR";;;
5;"U8,U7";"HTSSOP-16-1EP_4.4x5mm_P0.65mm_EP3.4x5mm_Mask2.46x2.31mm_ThermalVias";2;"DRV8833PWP";;;
6;"R6";"R_Shunt_Isabellenhuette_BVR4026";1;"SHUNT RESISTOR";;;
7;"C24,C25";"C_0402_1005Metric";2;"4.7uF";;;
8;"R10,R18,R8";"R_0603_1608Metric";3;"10k";;;
9;"JP1,JP2,JP3";"SolderJumper-2_P1.3mm_Open_RoundedPad1.0x1.5mm";3;"SolderJumper_2_Open";;;
10;"R17";"R_0603_1608Metric";1;"4450";;;
11;"J1";"USB_C_Receptacle_GCT_USB4125-xx-x-0190_6P_TopMnt_Horizontal";1;"USB_C_Receptacle_PowerOnly_6P";;;
12;"L1";"L_0603_1608Metric";1;"1u";;;
13;"C18,C5,C19,C3,C7,C4";"C_0402_1005Metric";6;"10u";;;
14;"U3";"SOIC-8_3.9x4.9mm_P1.27mm";1;"INA219AxD";;;
15;"R19,R20,R7";"R_0603_1608Metric";3;"1k";;;
16;"BATT1";"TestPoint_Plated_Hole_D2.0mm";1;"BATT";;;
17;"U4";"SOT-223-3_TabPin2";1;"AMS1117-3.3";;;
18;"Q6";"SOT95P280X125-3N";1;"NMOS";;;
19;"C22,C21";"C_0402_1005Metric";2;".01u";;;
20;"U6";"SSOP-10-1EP_3.9x4.9mm_P1mm_EP2.1x3.3mm";1;"CH224K";;;
21;"R15";"R_0603_1608Metric";1;"1.7k";;;
22;"U10";"VQFN-16-1EP_3x3mm_P0.5mm_EP1.6x1.6mm";1;"BQ24074RGT";;;
23;"VDD1,5V1,9V1,VREF1";"TestPoint_Plated_Hole_D2.0mm";4;"TestPoint";;;
24;"C6";"C_0402_1005Metric";1;"0.1u";;;
25;"R9";"R_0603_1608Metric";1;"100k";;;
26;"S2";"SW_EG1213";1;"EG1213";;;
27;"U1";"C_0402_1005Metric";1;"~";;;
28;"U9";"SOIC-8_3.9x4.9mm_P1.27mm";1;"TPS2042D";;;
29;"R16";"R_0603_1608Metric";1;"2225";;;
30;"R11";"R_0603_1608Metric";1;"1M";;;
31;"D12,D11";"LED_0603_1608Metric";2;"LED";;;
32;"C17";"C_0402_1005Metric";1;"1uF";;;
