Comment,Designator,Footprint,LCSC,Quantity
INA219AxD,U3,SOIC-8_3.9x4.9mm_P1.27mm,C138706,1
TPS2042D,U9,SOIC-8_3.9x4.9mm_P1.27mm,C138720,1
820k,R14,R_0603_1608Metric,C141684,1
.01u,"C21,C22,C6",C_0402_1005Metric,C1525,3
TPS63020DSJR,U5,TPS63020DSJR,C15483,1
10u,"C18,C19,C3,C4,C5,C7",C_0402_1005Metric,C15525,6
1u,L1,L_0603_1608Metric,C15849,1
NMOS,Q6,SOT95P280X125-3N,C20917,1
1k,"R19,R20,R7",R_0603_1608Metric,C21190,3
LED,"D11,D12",LED_0603_1608Metric,C2290,2
1M,R11,R_0603_1608Metric,C22935,1
4450,R17,R_0603_1608Metric,C23162,1
4.7uF,"C24,C25",C_0402_1005Metric,C23733,2
200m,"R12,R13",R_1206_3216Metric,C25334,2
100k,R9,R_0603_1608Metric,C25803,1
10k,"R10,R18,R8",R_0603_1608Metric,C25804,3
EG1213,S2,SW_EG1213,C273393,1
USB_C_Receptacle_PowerOnly_6P,J1,USB_C_Receptacle_GCT_USB4125-xx-x-0190_6P_TopMnt_Horizontal,C2887422,1
SHUNT RESISTOR,R6,R_Shunt_Isabellenhuette_BVR4026,C370054,1
1.7k,R15,R_0603_1608Metric,C4177,1
2225,R16,R_0603_1608Metric,C4190,1
DRV8833PWP,"U7,U8",HTSSOP-16-1EP_4.4x5mm_P0.65mm_EP3.4x5mm_Mask2.46x2.31mm_ThermalVias,C50506,2
1uF,C17,C_0402_1005Metric,C52923,1
BQ24074RGT,U10,VQFN-16-1EP_3x3mm_P0.5mm_EP1.6x1.6mm,C54313,1
22u,"C10,C11,C20,C23,C8,C9",C_0603_1608Metric,C59461,6
AMS1117-3.3,U4,SOT-223-3_TabPin2,C6186,1
CH224K,U6,SSOP-10-1EP_3.9x4.9mm_P1mm_EP2.1x3.3mm,C970725,1
Conn_02x16_Odd_Even,,PinHeader_2x16_P2.54mm_Vertical,,0
BATT,BATT1,TestPoint_Plated_Hole_D2.0mm,,1
TestPoint,VDD1,TestPoint_Plated_Hole_D2.0mm,,1
TestPoint,5V1,TestPoint_Plated_Hole_D2.0mm,,1
Conn_01x02_Pin,J3,JST_PH_S2B-PH-K_1x02_P2.00mm_Horizontal,,1
~,U1,C_0402_1005Metric,,1
TestPoint,9V1,TestPoint_Plated_Hole_D2.0mm,,1
TestPoint,VREF1,TestPoint_Plated_Hole_D2.0mm,,1
