Designator,Val,Package,Mid X,Mid Y,Rotation,Layer
5V1,TestPoint,TestPoint_Plated_Hole_D2.0mm,70.1,-86.1,0.0,top
9V1,TestPoint,TestPoint_Plated_Hole_D2.0mm,75.5,-86.0,0.0,top
BATT1,BATT,TestPoint_Plated_Hole_D2.0mm,85.5,-75.0,0.0,top
C10,22u,C_0603_1608Metric,63.075,-83.7,180.0,top
C11,22u,C_0603_1608Metric,63.225,-74.3,180.0,top
C17,1uF,C_0402_1005Metric,107.82,-90.6,0.0,top
C18,10u,C_0402_1005Metric,98.75,-90.5,90.0,top
C19,10u,C_0402_1005Metric,94.75,-90.5,90.0,top
C20,22u,C_0603_1608Metric,62.5,-95.5,0.0,top
C21,.01u,C_0402_1005Metric,82.52,-106.0,0.0,top
C22,.01u,C_0402_1005Metric,93.02,-107.5,0.0,top
C23,22u,C_0603_1608Metric,107.52,-104.5,0.0,top
C24,4.7uF,C_0402_1005Metric,125.92,-77.8,0.0,top
C25,4.7uF,C_0402_1005Metric,113.25,-86.25,90.0,top
C3,10u,C_0402_1005Metric,90.02,-67.75,0.0,top
C4,10u,C_0402_1005Metric,90.0,-71.5,0.0,top
C5,10u,C_0402_1005Metric,90.0,-75.25,0.0,top
C6,0.1u,C_0402_1005Metric,122.9,-87.5,0.0,top
C7,10u,C_0402_1005Metric,89.75,-78.25,90.0,top
C8,22u,C_0603_1608Metric,63.2,-69.6,180.0,top
C9,22u,C_0603_1608Metric,63.175,-79.1,180.0,top
D11,LED,LED_0603_1608Metric,104.7,-82.7125,-90.0,top
D12,LED,LED_0603_1608Metric,109.1,-82.6125,-90.0,top
J1,USB_C_Receptacle_PowerOnly_6P,USB_C_Receptacle_GCT_USB4125-xx-x-0190_6P_TopMnt_Horizontal,57.1,-98.0,-90.0,top
J2,Conn_02x16_Odd_Even,PinHeader_2x16_P2.54mm_Vertical,89.5,-118.995,-90.0,top
J3,Conn_01x02_Pin,JST_PH_S2B-PH-K_1x02_P2.00mm_Horizontal,124.0,-93.05,0.0,top
JP1,SolderJumper_2_Open,SolderJumper-2_P1.3mm_Open_RoundedPad1.0x1.5mm,99.9,-84.84,0.0,top
JP2,SolderJumper_2_Open,SolderJumper-2_P1.3mm_Open_RoundedPad1.0x1.5mm,84.85,-101.5,0.0,top
JP3,SolderJumper_2_Open,SolderJumper-2_P1.3mm_Open_RoundedPad1.0x1.5mm,104.55,-90.7,180.0,top
L1,1u,L_0603_1608Metric,121.3,-82.2,0.0,top
Q6,NMOS,SOT95P280X125-3N,113.2,-112.2,0.0,top
R10,10k,R_0603_1608Metric,119.3,-69.2,180.0,top
R11,1M,R_0603_1608Metric,119.5,-78.2,0.0,top
R12,200m,R_1206_3216Metric,57.5375,-106.0,0.0,top
R13,200m,R_1206_3216Metric,60.5,-110.0,0.0,top
R14,820k,R_0603_1608Metric,125.5,-87.0,0.0,top
R15,1.7k,R_0603_1608Metric,111.775,-103.9,0.0,top
R16,2225,R_0603_1608Metric,113.75,-98.825,-90.0,top
R17,4450,R_0603_1608Metric,118.25,-98.675,-90.0,top
R18,10k,R_0603_1608Metric,118.5,-94.5,0.0,top
R19,1k,R_0603_1608Metric,104.75,-86.25,-90.0,top
R20,1k,R_0603_1608Metric,109.25,-86.175,-90.0,top
R6,SHUNT RESISTOR,R_Shunt_Isabellenhuette_BVR4026,103.525,-75.7,180.0,top
R7,1k,R_0603_1608Metric,55.675,-91.0,0.0,top
R8,10k,R_0603_1608Metric,72.9,-81.7,0.0,top
R9,100k,R_0603_1608Metric,119.075,-74.3,0.0,top
S2,EG1213,SW_EG1213,82.5,-91.0,0.0,top
U1,~,C_0402_1005Metric,125.92,-82.9,0.0,top
U10,BQ24074RGT,VQFN-16-1EP_3x3mm_P0.5mm_EP1.6x1.6mm,112.25,-91.5625,180.0,top
U3,INA219AxD,SOIC-8_3.9x4.9mm_P1.27mm,107.0,-96.5,0.0,top
U4,AMS1117-3.3,SOT-223-3_TabPin2,93.0,-83.75,0.0,top
U5,TPS63020DSJR,TPS63020DSJR,119.0,-86.0,90.0,top
U6,CH224K,SSOP-10-1EP_3.9x4.9mm_P1mm_EP2.1x3.3mm,68.5,-93.6375,-90.0,top
U7,DRV8833PWP,HTSSOP-16-1EP_4.4x5mm_P0.65mm_EP3.4x5mm_Mask2.46x2.31mm_ThermalVias,67.08,-107.0,90.0,top
U8,DRV8833PWP,HTSSOP-16-1EP_4.4x5mm_P0.65mm_EP3.4x5mm_Mask2.46x2.31mm_ThermalVias,96.975,-99.6375,-90.0,top
U9,TPS2042D,SOIC-8_3.9x4.9mm_P1.27mm,78.0,-101.5,-90.0,top
VDD1,TestPoint,TestPoint_Plated_Hole_D2.0mm,63.0,-90.0,0.0,top
VREF1,TestPoint,TestPoint_Plated_Hole_D2.0mm,124.6,-71.2,0.0,top
